date,campaign_name,spend,currency, trx_value,trx_count,clicks,impr
01/10/2024,inbound-us_ppc_gs_mix_bau-always-on_all-web_cg:sales_routes-dom-long_english_exact-broad,252.92,euro,2596.24,14.5,392,"3,826"
01/10/2024,inbound-us_ppc_gs_mix_bau-always-on_all-web_cg:sales_routes-dom-mid_english_exact-broad,246.09,euro,2914.20,27.35,403,"3,086"
01/10/2024,inbound-us_ppc_gs_mix_bau-always-on_all-web_cg:sales_routes-intl-long_english_exact-broad,235.57,euro,1721.70,11.4,414,"4,138"
01/10/2024,inbound-us_ppc_gs_mix_bau-always-on_all-web_cg:sales_routes-priority-madrid-barcelona_english_exact-broad,150.82,euro,145.21,1.31,106,"1,107"
01/10/2024,inbound-us_ppc_gs_mix_bau-always-on_all-web_cg:sales_routes-dom-short_english_exact-broad,121.13,euro,2558.78,14.97,274,"2,379"
01/10/2024,inbound-us_ppc_gs_mix_bau-always-on_all-web_cg:sales_routes-priority-rome-florence_english_exact-broad,65.05,euro,477.57,4,51,888
01/10/2024,inbound-us_ppc_gs_mix_bau-always-on_all-web_cg:sales_routes-intl-mid_english_exact-broad,44.09,euro,58.23,1,91,"1,008"
01/10/2024,inbound-us_ppc_gs_mix_bau-always-on_all-web_cg:sales_routes-priority-madrid-seville_english_exact-broad,32.3,euro,35.24,1,26,333
01/10/2024,inbound-us_ppc_gs_mix_bau-always-on_all-web_cg:sales_routes-priority-madrid-valencia_english_exact-broad,20.37,euro,61.30,0.67,16,242
01/10/2024,inbound-us_ppc_gs_mix_bau-always-on_all-web_cg:sales_routes-priority-madrid-malaga_english_exact-broad,14.16,euro,209.44,1.23,11,121
01/10/2024,inbound-us_ppc_gs_mix_bau-always-on_all-web_cg:sales_routes-intl-short_english_exact-broad,6.81,euro,75.38,0.99,19,182
01/10/2024,inbound-us_ppc_gs_mix_bau-always-on_all-web_cg:sales_routes-priority-madrid-alicante_english_exact-broad,1.54,euro,0.00,0,2,49
02/10/2024,inbound-us_ppc_gs_mix_bau-always-on_all-web_cg:sales_routes-dom-mid_english_exact-broad,234.49,euro,3554.52,23.49,397,"3,000"
02/10/2024,inbound-us_ppc_gs_mix_bau-always-on_all-web_cg:sales_routes-dom-long_english_exact-broad,230.56,euro,1548.55,9.76,353,"3,659"
02/10/2024,inbound-us_ppc_gs_mix_bau-always-on_all-web_cg:sales_routes-intl-long_english_exact-broad,207.31,euro,2211.85,10.09,382,"4,238"
02/10/2024,inbound-us_ppc_gs_mix_bau-always-on_all-web_cg:sales_routes-priority-madrid-barcelona_english_exact-broad,138.63,euro,1539.74,9,83,"1,104"
02/10/2024,inbound-us_ppc_gs_mix_bau-always-on_all-web_cg:sales_routes-dom-short_english_exact-broad,92.58,euro,2264.44,15.11,212,"2,266"
02/10/2024,inbound-us_ppc_gs_mix_bau-always-on_all-web_cg:sales_routes-intl-mid_english_exact-broad,61.2,euro,514.04,5.25,105,959
02/10/2024,inbound-us_ppc_gs_mix_bau-always-on_all-web_cg:sales_routes-priority-rome-florence_english_exact-broad,33.85,euro,90.93,2,31,824
02/10/2024,inbound-us_ppc_gs_mix_bau-always-on_all-web_cg:sales_routes-priority-madrid-seville_english_exact-broad,32.88,euro,545.79,1.99,27,323
02/10/2024,inbound-us_ppc_gs_mix_bau-always-on_all-web_cg:sales_routes-priority-madrid-malaga_english_exact-broad,27.03,euro,482.42,3.92,20,157
02/10/2024,inbound-us_ppc_gs_mix_bau-always-on_all-web_cg:sales_routes-priority-madrid-valencia_english_exact-broad,18.85,euro,0.00,0,17,205
02/10/2024,inbound-us_ppc_gs_mix_bau-always-on_all-web_cg:sales_routes-priority-madrid-alicante_english_exact-broad,8.6,euro,0.00,0,6,30
02/10/2024,inbound-us_ppc_gs_mix_bau-always-on_all-web_cg:sales_routes-intl-short_english_exact-broad,8.41,euro,0.00,0,21,166
03/10/2024,inbound-us_ppc_gs_mix_bau-always-on_all-web_cg:sales_routes-dom-long_english_exact-broad,236.36,euro,3017.63,17.68,373,"3,787"
03/10/2024,inbound-us_ppc_gs_mix_bau-always-on_all-web_cg:sales_routes-intl-long_english_exact-broad,220.98,euro,2380.80,11.16,417,"4,550"
03/10/2024,inbound-us_ppc_gs_mix_bau-always-on_all-web_cg:sales_routes-dom-mid_english_exact-broad,220.83,euro,2712.97,21.95,356,"2,859"
03/10/2024,inbound-us_ppc_gs_mix_bau-always-on_all-web_cg:sales_routes-priority-madrid-barcelona_english_exact-broad,139,euro,852.98,4.66,94,"1,231"
03/10/2024,inbound-us_ppc_gs_mix_bau-always-on_all-web_cg:sales_routes-dom-short_english_exact-broad,106.2,euro,2067.18,20.08,246,"2,415"
03/10/2024,inbound-us_ppc_gs_mix_bau-always-on_all-web_cg:sales_routes-intl-mid_english_exact-broad,57.82,euro,701.75,5.65,115,"1,084"
03/10/2024,inbound-us_ppc_gs_mix_bau-always-on_all-web_cg:sales_routes-priority-madrid-seville_english_exact-broad,51.49,euro,470.85,2,38,356
03/10/2024,inbound-us_ppc_gs_mix_bau-always-on_all-web_cg:sales_routes-priority-rome-florence_english_exact-broad,30.99,euro,96.16,2,34,818
03/10/2024,inbound-us_ppc_gs_mix_bau-always-on_all-web_cg:sales_routes-priority-madrid-valencia_english_exact-broad,20.85,euro,146.10,1.49,14,214
03/10/2024,inbound-us_ppc_gs_mix_bau-always-on_all-web_cg:sales_routes-priority-madrid-malaga_english_exact-broad,14.52,euro,654.57,3,17,109
03/10/2024,inbound-us_ppc_gs_mix_bau-always-on_all-web_cg:sales_routes-intl-short_english_exact-broad,12.76,euro,469.96,3.81,23,202
03/10/2024,inbound-us_ppc_gs_mix_bau-always-on_all-web_cg:sales_routes-priority-madrid-alicante_english_exact-broad,11.28,euro,80.63,1.04,9,55
04/10/2024,inbound-us_ppc_gs_mix_bau-always-on_all-web_cg:sales_routes-intl-long_english_exact-broad,228.02,euro,1752.47,8.03,427,"4,732"
04/10/2024,inbound-us_ppc_gs_mix_bau-always-on_all-web_cg:sales_routes-dom-long_english_exact-broad,223.96,euro,1416.06,9,372,"3,868"
04/10/2024,inbound-us_ppc_gs_mix_bau-always-on_all-web_cg:sales_routes-dom-mid_english_exact-broad,223.66,euro,2541.11,12.04,380,"3,080"
04/10/2024,inbound-us_ppc_gs_mix_bau-always-on_all-web_cg:sales_routes-priority-madrid-barcelona_english_exact-broad,185.74,euro,1496.64,14.52,97,"1,204"
04/10/2024,inbound-us_ppc_gs_mix_bau-always-on_all-web_cg:sales_routes-dom-short_english_exact-broad,121.56,euro,524.38,10.52,296,"2,858"
04/10/2024,inbound-us_ppc_gs_mix_bau-always-on_all-web_cg:sales_routes-intl-mid_english_exact-broad,69.69,euro,327.83,2.5,120,"1,195"
04/10/2024,inbound-us_ppc_gs_mix_bau-always-on_all-web_cg:sales_routes-priority-madrid-seville_english_exact-broad,40.83,euro,409.36,2,38,362
04/10/2024,inbound-us_ppc_gs_mix_bau-always-on_all-web_cg:sales_routes-priority-madrid-valencia_english_exact-broad,33.04,euro,27.00,0.5,18,205
04/10/2024,inbound-us_ppc_gs_mix_bau-always-on_all-web_cg:sales_routes-priority-madrid-malaga_english_exact-broad,31.68,euro,198.93,1,21,123
04/10/2024,inbound-us_ppc_gs_mix_bau-always-on_all-web_cg:sales_routes-priority-rome-florence_english_exact-broad,27.32,euro,126.62,3,27,747
04/10/2024,inbound-us_ppc_gs_mix_bau-always-on_all-web_cg:sales_routes-intl-short_english_exact-broad,9.79,euro,0.00,0,21,224
04/10/2024,inbound-us_ppc_gs_mix_bau-always-on_all-web_cg:sales_routes-priority-madrid-alicante_english_exact-broad,3.13,euro,0.00,0,3,45
05/10/2024,inbound-us_ppc_gs_mix_bau-always-on_all-web_cg:sales_routes-dom-mid_english_exact-broad,226.67,euro,1483.77,9.66,403,"3,377"
05/10/2024,inbound-us_ppc_gs_mix_bau-always-on_all-web_cg:sales_routes-dom-long_english_exact-broad,222.23,euro,2169.92,12.56,387,"4,163"
05/10/2024,inbound-us_ppc_gs_mix_bau-always-on_all-web_cg:sales_routes-intl-long_english_exact-broad,213.07,euro,1541.47,5.87,414,"4,562"
05/10/2024,inbound-us_ppc_gs_mix_bau-always-on_all-web_cg:sales_routes-priority-madrid-barcelona_english_exact-broad,142.38,euro,658.14,3.96,80,"1,197"
05/10/2024,inbound-us_ppc_gs_mix_bau-always-on_all-web_cg:sales_routes-dom-short_english_exact-broad,113.9,euro,1330.56,20.62,291,"3,257"
05/10/2024,inbound-us_ppc_gs_mix_bau-always-on_all-web_cg:sales_routes-priority-madrid-seville_english_exact-broad,71.4,euro,445.84,4.01,42,373
05/10/2024,inbound-us_ppc_gs_mix_bau-always-on_all-web_cg:sales_routes-intl-mid_english_exact-broad,55.13,euro,0.00,0,115,"1,150"
05/10/2024,inbound-us_ppc_gs_mix_bau-always-on_all-web_cg:sales_routes-priority-rome-florence_english_exact-broad,37.58,euro,1163.92,6.58,30,806
05/10/2024,inbound-us_ppc_gs_mix_bau-always-on_all-web_cg:sales_routes-priority-madrid-malaga_english_exact-broad,22.74,euro,1048.25,4,21,124
05/10/2024,inbound-us_ppc_gs_mix_bau-always-on_all-web_cg:sales_routes-priority-madrid-valencia_english_exact-broad,17.93,euro,0.00,0,10,164
05/10/2024,inbound-us_ppc_gs_mix_bau-always-on_all-web_cg:sales_routes-intl-short_english_exact-broad,11.56,euro,196.72,1.13,31,260
05/10/2024,inbound-us_ppc_gs_mix_bau-always-on_all-web_cg:sales_routes-priority-madrid-alicante_english_exact-broad,7.59,euro,216.79,1.67,7,26
06/10/2024,inbound-us_ppc_gs_mix_bau-always-on_all-web_cg:sales_routes-dom-long_english_exact-broad,227.89,euro,3190.62,14.8,363,"4,196"
06/10/2024,inbound-us_ppc_gs_mix_bau-always-on_all-web_cg:sales_routes-dom-mid_english_exact-broad,214.8,euro,2359.00,14.85,382,"3,425"
06/10/2024,inbound-us_ppc_gs_mix_bau-always-on_all-web_cg:sales_routes-intl-long_english_exact-broad,206.09,euro,2054.00,6.95,433,"4,632"
06/10/2024,inbound-us_ppc_gs_mix_bau-always-on_all-web_cg:sales_routes-dom-short_english_exact-broad,99.67,euro,1005.69,13.67,261,"2,940"
06/10/2024,inbound-us_ppc_gs_mix_bau-always-on_all-web_cg:sales_routes-priority-madrid-barcelona_english_exact-broad,94.28,euro,891.88,5,70,"1,238"
06/10/2024,inbound-us_ppc_gs_mix_bau-always-on_all-web_cg:sales_routes-intl-mid_english_exact-broad,46.77,euro,773.28,2.47,90,"1,140"
06/10/2024,inbound-us_ppc_gs_mix_bau-always-on_all-web_cg:sales_routes-priority-madrid-seville_english_exact-broad,44.47,euro,570.15,5,36,419
06/10/2024,inbound-us_ppc_gs_mix_bau-always-on_all-web_cg:sales_routes-priority-rome-florence_english_exact-broad,22.58,euro,0.00,0,17,839
06/10/2024,inbound-us_ppc_gs_mix_bau-always-on_all-web_cg:sales_routes-priority-madrid-malaga_english_exact-broad,17.27,euro,453.06,2,12,163
06/10/2024,inbound-us_ppc_gs_mix_bau-always-on_all-web_cg:sales_routes-priority-madrid-alicante_english_exact-broad,14.45,euro,0.00,0,9,36
06/10/2024,inbound-us_ppc_gs_mix_bau-always-on_all-web_cg:sales_routes-priority-madrid-valencia_english_exact-broad,7.4,euro,581.22,3.96,10,227
06/10/2024,inbound-us_ppc_gs_mix_bau-always-on_all-web_cg:sales_routes-intl-short_english_exact-broad,4.66,euro,0.00,0,17,200
07/10/2024,inbound-us_ppc_gs_mix_bau-always-on_all-web_cg:sales_routes-dom-mid_english_exact-broad,208.34,euro,2418.11,26.08,346,"3,081"
07/10/2024,inbound-us_ppc_gs_mix_bau-always-on_all-web_cg:sales_routes-dom-long_english_exact-broad,180.11,euro,2041.19,14.67,302,"3,790"
07/10/2024,inbound-us_ppc_gs_mix_bau-always-on_all-web_cg:sales_routes-intl-long_english_exact-broad,165.53,euro,854.33,5.6,318,"4,102"
07/10/2024,inbound-us_ppc_gs_mix_bau-always-on_all-web_cg:sales_routes-priority-madrid-barcelona_english_exact-broad,138.7,euro,3553.91,17.89,89,"1,197"
07/10/2024,inbound-us_ppc_gs_mix_bau-always-on_all-web_cg:sales_routes-dom-short_english_exact-broad,94.4,euro,692.43,9.62,238,"2,525"
07/10/2024,inbound-us_ppc_gs_mix_bau-always-on_all-web_cg:sales_routes-intl-mid_english_exact-broad,44.46,euro,210.54,2.48,78,"1,062"
07/10/2024,inbound-us_ppc_gs_mix_bau-always-on_all-web_cg:sales_routes-priority-madrid-seville_english_exact-broad,43.06,euro,468.35,2,32,399
07/10/2024,inbound-us_ppc_gs_mix_bau-always-on_all-web_cg:sales_routes-priority-rome-florence_english_exact-broad,29.46,euro,291.62,3,16,749
07/10/2024,inbound-us_ppc_gs_mix_bau-always-on_all-web_cg:sales_routes-priority-madrid-malaga_english_exact-broad,16.87,euro,0.00,0,16,128
07/10/2024,inbound-us_ppc_gs_mix_bau-always-on_all-web_cg:sales_routes-priority-madrid-valencia_english_exact-broad,13.13,euro,62.98,1,14,166
07/10/2024,inbound-us_ppc_gs_mix_bau-always-on_all-web_cg:sales_routes-intl-short_english_exact-broad,8.01,euro,36.75,0.5,19,178
07/10/2024,inbound-us_ppc_gs_mix_bau-always-on_all-web_cg:sales_routes-priority-madrid-alicante_english_exact-broad,0,euro,0.00,0,0,28
08/10/2024,inbound-us_ppc_gs_mix_bau-always-on_all-web_cg:sales_routes-dom-long_english_exact-broad,183.79,euro,2576.29,12.92,295,"3,515"
08/10/2024,inbound-us_ppc_gs_mix_bau-always-on_all-web_cg:sales_routes-dom-mid_english_exact-broad,180.71,euro,3164.58,18.48,299,"2,817"
08/10/2024,inbound-us_ppc_gs_mix_bau-always-on_all-web_cg:sales_routes-intl-long_english_exact-broad,174.62,euro,1663.43,6.63,319,"3,893"
08/10/2024,inbound-us_ppc_gs_mix_bau-always-on_all-web_cg:sales_routes-priority-madrid-barcelona_english_exact-broad,143.47,euro,3010.45,13.98,91,"1,135"
08/10/2024,inbound-us_ppc_gs_mix_bau-always-on_all-web_cg:sales_routes-dom-short_english_exact-broad,82.45,euro,835.41,13.13,208,"2,246"
08/10/2024,inbound-us_ppc_gs_mix_bau-always-on_all-web_cg:sales_routes-intl-mid_english_exact-broad,49.91,euro,76.74,1.5,84,941
08/10/2024,inbound-us_ppc_gs_mix_bau-always-on_all-web_cg:sales_routes-priority-madrid-seville_english_exact-broad,27.41,euro,617.36,2.07,24,363
08/10/2024,inbound-us_ppc_gs_mix_bau-always-on_all-web_cg:sales_routes-priority-madrid-malaga_english_exact-broad,25.46,euro,301.64,2,19,127
08/10/2024,inbound-us_ppc_gs_mix_bau-always-on_all-web_cg:sales_routes-priority-rome-florence_english_exact-broad,17.85,euro,7.30,0.4,18,745
08/10/2024,inbound-us_ppc_gs_mix_bau-always-on_all-web_cg:sales_routes-intl-short_english_exact-broad,6.35,euro,270.05,2.5,17,170
08/10/2024,inbound-us_ppc_gs_mix_bau-always-on_all-web_cg:sales_routes-priority-madrid-valencia_english_exact-broad,5.8,euro,27.04,0.5,9,165
08/10/2024,inbound-us_ppc_gs_mix_bau-always-on_all-web_cg:sales_routes-priority-madrid-alicante_english_exact-broad,4.38,euro,0.00,0,5,26
09/10/2024,inbound-us_ppc_gs_mix_bau-always-on_all-web_cg:sales_routes-dom-mid_english_exact-broad,192.19,euro,4689.13,31.23,319,"2,634"
09/10/2024,inbound-us_ppc_gs_mix_bau-always-on_all-web_cg:sales_routes-intl-long_english_exact-broad,176.65,euro,2167.32,4.5,309,"3,838"
09/10/2024,inbound-us_ppc_gs_mix_bau-always-on_all-web_cg:sales_routes-dom-long_english_exact-broad,162.35,euro,1622.00,7.83,265,"3,347"
09/10/2024,inbound-us_ppc_gs_mix_bau-always-on_all-web_cg:sales_routes-priority-madrid-barcelona_english_exact-broad,111.47,euro,763.87,4.96,70,"1,056"
09/10/2024,inbound-us_ppc_gs_mix_bau-always-on_all-web_cg:sales_routes-dom-short_english_exact-broad,66.26,euro,97.89,3,169,"2,134"
09/10/2024,inbound-us_ppc_gs_mix_bau-always-on_all-web_cg:sales_routes-intl-mid_english_exact-broad,41.92,euro,162.87,1.04,75,942
09/10/2024,inbound-us_ppc_gs_mix_bau-always-on_all-web_cg:sales_routes-priority-madrid-seville_english_exact-broad,39.62,euro,283.45,2.98,29,362
09/10/2024,inbound-us_ppc_gs_mix_bau-always-on_all-web_cg:sales_routes-priority-rome-florence_english_exact-broad,29.84,euro,571.48,3.94,17,781
09/10/2024,inbound-us_ppc_gs_mix_bau-always-on_all-web_cg:sales_routes-priority-madrid-valencia_english_exact-broad,28.58,euro,128.98,1.8,19,188
09/10/2024,inbound-us_ppc_gs_mix_bau-always-on_all-web_cg:sales_routes-priority-madrid-malaga_english_exact-broad,11.65,euro,200.46,1.33,14,120
09/10/2024,inbound-us_ppc_gs_mix_bau-always-on_all-web_cg:sales_routes-intl-short_english_exact-broad,4.11,euro,0.00,0,9,143
09/10/2024,inbound-us_ppc_gs_mix_bau-always-on_all-web_cg:sales_routes-priority-madrid-alicante_english_exact-broad,1.49,euro,0.00,0,3,34
10/10/2024,inbound-us_ppc_gs_mix_bau-always-on_all-web_cg:sales_routes-dom-long_english_exact-broad,212.04,euro,2500.69,13.99,339,"3,405"
10/10/2024,inbound-us_ppc_gs_mix_bau-always-on_all-web_cg:sales_routes-intl-long_english_exact-broad,175.9,euro,3887.62,7.87,334,"4,127"
10/10/2024,inbound-us_ppc_gs_mix_bau-always-on_all-web_cg:sales_routes-dom-mid_english_exact-broad,166.58,euro,1238.86,11.63,293,"2,687"
10/10/2024,inbound-us_ppc_gs_mix_bau-always-on_all-web_cg:sales_routes-priority-madrid-barcelona_english_exact-broad,104.9,euro,1585.94,9.76,76,"1,125"
10/10/2024,inbound-us_ppc_gs_mix_bau-always-on_all-web_cg:sales_routes-dom-short_english_exact-broad,86.13,euro,1463.81,14.33,212,"2,403"
10/10/2024,inbound-us_ppc_gs_mix_bau-always-on_all-web_cg:sales_routes-priority-madrid-seville_english_exact-broad,58.02,euro,726.61,3.21,37,367
10/10/2024,inbound-us_ppc_gs_mix_bau-always-on_all-web_cg:sales_routes-intl-mid_english_exact-broad,45.05,euro,116.07,1.33,85,984
10/10/2024,inbound-us_ppc_gs_mix_bau-always-on_all-web_cg:sales_routes-priority-rome-florence_english_exact-broad,23.95,euro,0.00,0,18,739
10/10/2024,inbound-us_ppc_gs_mix_bau-always-on_all-web_cg:sales_routes-priority-madrid-malaga_english_exact-broad,13.07,euro,86.64,2,13,117
10/10/2024,inbound-us_ppc_gs_mix_bau-always-on_all-web_cg:sales_routes-priority-madrid-valencia_english_exact-broad,11.62,euro,41.03,1.65,10,174
10/10/2024,inbound-us_ppc_gs_mix_bau-always-on_all-web_cg:sales_routes-intl-short_english_exact-broad,8.09,euro,48.96,2,13,129
10/10/2024,inbound-us_ppc_gs_mix_bau-always-on_all-web_cg:sales_routes-priority-madrid-alicante_english_exact-broad,3.9,euro,0.00,0,4,34
11/10/2024,inbound-us_ppc_gs_mix_bau-always-on_all-web_cg:sales_routes-dom-long_english_exact-broad,194.44,euro,968.29,5.54,305,"3,393"
11/10/2024,inbound-us_ppc_gs_mix_bau-always-on_all-web_cg:sales_routes-dom-mid_english_exact-broad,176.66,euro,2602.69,12.89,294,"2,759"
11/10/2024,inbound-us_ppc_gs_mix_bau-always-on_all-web_cg:sales_routes-intl-long_english_exact-broad,156.81,euro,3074.21,9.28,304,"3,800"
11/10/2024,inbound-us_ppc_gs_mix_bau-always-on_all-web_cg:sales_routes-priority-madrid-barcelona_english_exact-broad,139.14,euro,2357.62,11.49,89,"1,103"
11/10/2024,inbound-us_ppc_gs_mix_bau-always-on_all-web_cg:sales_routes-dom-short_english_exact-broad,76.92,euro,1578.09,17.42,202,"2,399"
11/10/2024,inbound-us_ppc_gs_mix_bau-always-on_all-web_cg:sales_routes-priority-madrid-seville_english_exact-broad,44.58,euro,520.59,4,31,352
11/10/2024,inbound-us_ppc_gs_mix_bau-always-on_all-web_cg:sales_routes-intl-mid_english_exact-broad,25.41,euro,5.42,0.11,51,870
11/10/2024,inbound-us_ppc_gs_mix_bau-always-on_all-web_cg:sales_routes-priority-madrid-malaga_english_exact-broad,19.43,euro,148.49,1.98,13,129
11/10/2024,inbound-us_ppc_gs_mix_bau-always-on_all-web_cg:sales_routes-priority-rome-florence_english_exact-broad,19.41,euro,154.21,2.2,19,580
11/10/2024,inbound-us_ppc_gs_mix_bau-always-on_all-web_cg:sales_routes-priority-madrid-valencia_english_exact-broad,15.92,euro,51.47,1.01,12,178
11/10/2024,inbound-us_ppc_gs_mix_bau-always-on_all-web_cg:sales_routes-intl-short_english_exact-broad,6.49,euro,0.00,0,12,160
11/10/2024,inbound-us_ppc_gs_mix_bau-always-on_all-web_cg:sales_routes-priority-madrid-alicante_english_exact-broad,1.97,euro,0.00,0,2,31
12/10/2024,inbound-us_ppc_gs_mix_bau-always-on_all-web_cg:sales_routes-dom-mid_english_exact-broad,148.52,euro,3905.86,19.47,259,"2,838"
12/10/2024,inbound-us_ppc_gs_mix_bau-always-on_all-web_cg:sales_routes-dom-long_english_exact-broad,145.62,euro,1771.17,9.37,250,"3,325"
12/10/2024,inbound-us_ppc_gs_mix_bau-always-on_all-web_cg:sales_routes-intl-long_english_exact-broad,141.9,euro,1837.17,6.67,288,"3,708"
12/10/2024,inbound-us_ppc_gs_mix_bau-always-on_all-web_cg:sales_routes-priority-madrid-barcelona_english_exact-broad,104.06,euro,1030.26,7,73,"1,096"
12/10/2024,inbound-us_ppc_gs_mix_bau-always-on_all-web_cg:sales_routes-dom-short_english_exact-broad,71.74,euro,474.98,9.19,181,"2,094"
12/10/2024,inbound-us_ppc_gs_mix_bau-always-on_all-web_cg:sales_routes-priority-madrid-seville_english_exact-broad,66.51,euro,224.27,2,37,357
12/10/2024,inbound-us_ppc_gs_mix_bau-always-on_all-web_cg:sales_routes-intl-mid_english_exact-broad,42.8,euro,711.10,2.92,70,915
12/10/2024,inbound-us_ppc_gs_mix_bau-always-on_all-web_cg:sales_routes-priority-rome-florence_english_exact-broad,37.04,euro,104.27,1.23,25,744
12/10/2024,inbound-us_ppc_gs_mix_bau-always-on_all-web_cg:sales_routes-priority-madrid-valencia_english_exact-broad,14.69,euro,176.83,4,10,166
12/10/2024,inbound-us_ppc_gs_mix_bau-always-on_all-web_cg:sales_routes-intl-short_english_exact-broad,8.37,euro,159.90,5.87,25,196
12/10/2024,inbound-us_ppc_gs_mix_bau-always-on_all-web_cg:sales_routes-priority-madrid-malaga_english_exact-broad,8.18,euro,0.00,0,11,128
12/10/2024,inbound-us_ppc_gs_mix_bau-always-on_all-web_cg:sales_routes-priority-madrid-alicante_english_exact-broad,5.53,euro,0.00,0,5,40
13/10/2024,inbound-us_ppc_gs_mix_bau-always-on_all-web_cg:sales_routes-dom-long_english_exact-broad,187.24,euro,3252.31,12,307,"3,880"
13/10/2024,inbound-us_ppc_gs_mix_bau-always-on_all-web_cg:sales_routes-dom-mid_english_exact-broad,183.7,euro,701.87,8.45,320,"3,450"
13/10/2024,inbound-us_ppc_gs_mix_bau-always-on_all-web_cg:sales_routes-intl-long_english_exact-broad,156.87,euro,1657.95,5.69,323,"4,430"
13/10/2024,inbound-us_ppc_gs_mix_bau-always-on_all-web_cg:sales_routes-priority-madrid-barcelona_english_exact-broad,126.51,euro,221.63,2.6,74,"1,250"
13/10/2024,inbound-us_ppc_gs_mix_bau-always-on_all-web_cg:sales_routes-dom-short_english_exact-broad,80.18,euro,790.96,15.71,203,"2,474"
13/10/2024,inbound-us_ppc_gs_mix_bau-always-on_all-web_cg:sales_routes-priority-madrid-seville_english_exact-broad,64,euro,0.00,0,45,453
13/10/2024,inbound-us_ppc_gs_mix_bau-always-on_all-web_cg:sales_routes-intl-mid_english_exact-broad,48.78,euro,944.51,3.06,91,"1,113"
13/10/2024,inbound-us_ppc_gs_mix_bau-always-on_all-web_cg:sales_routes-priority-madrid-malaga_english_exact-broad,25.52,euro,168.04,2,19,176
13/10/2024,inbound-us_ppc_gs_mix_bau-always-on_all-web_cg:sales_routes-priority-rome-florence_english_exact-broad,18.94,euro,265.51,1,18,960
13/10/2024,inbound-us_ppc_gs_mix_bau-always-on_all-web_cg:sales_routes-priority-madrid-valencia_english_exact-broad,17.15,euro,111.97,1.97,12,185
13/10/2024,inbound-us_ppc_gs_mix_bau-always-on_all-web_cg:sales_routes-intl-short_english_exact-broad,7.13,euro,0.00,0,20,252
13/10/2024,inbound-us_ppc_gs_mix_bau-always-on_all-web_cg:sales_routes-priority-madrid-alicante_english_exact-broad,4.2,euro,79.60,1,3,36
14/10/2024,inbound-us_ppc_gs_mix_bau-always-on_all-web_cg:sales_routes-dom-mid_english_exact-broad,234.1,euro,7856.88,25.9,362,"3,575"
14/10/2024,inbound-us_ppc_gs_mix_bau-always-on_all-web_cg:sales_routes-dom-long_english_exact-broad,228.05,euro,2513.48,11.45,353,"3,889"
14/10/2024,inbound-us_ppc_gs_mix_bau-always-on_all-web_cg:sales_routes-intl-long_english_exact-broad,177.44,euro,1687.74,7.45,334,"4,370"
14/10/2024,inbound-us_ppc_gs_mix_bau-always-on_all-web_cg:sales_routes-priority-madrid-barcelona_english_exact-broad,131.09,euro,1081.53,11.41,80,"1,289"
14/10/2024,inbound-us_ppc_gs_mix_bau-always-on_all-web_cg:sales_routes-dom-short_english_exact-broad,94.48,euro,458.93,7.59,213,"2,200"
14/10/2024,inbound-us_ppc_gs_mix_bau-always-on_all-web_cg:sales_routes-priority-madrid-seville_english_exact-broad,79.44,euro,476.40,3.99,47,450
14/10/2024,inbound-us_ppc_gs_mix_bau-always-on_all-web_cg:sales_routes-priority-rome-florence_english_exact-broad,51.85,euro,31.99,1,32,864
14/10/2024,inbound-us_ppc_gs_mix_bau-always-on_all-web_cg:sales_routes-intl-mid_english_exact-broad,38.73,euro,385.98,3,67,"1,097"
14/10/2024,inbound-us_ppc_gs_mix_bau-always-on_all-web_cg:sales_routes-priority-madrid-malaga_english_exact-broad,26.64,euro,0.00,0,20,163
14/10/2024,inbound-us_ppc_gs_mix_bau-always-on_all-web_cg:sales_routes-priority-madrid-valencia_english_exact-broad,23.6,euro,507.93,3.82,18,168
14/10/2024,inbound-us_ppc_gs_mix_bau-always-on_all-web_cg:sales_routes-priority-madrid-alicante_english_exact-broad,9.57,euro,0.00,0,8,47
14/10/2024,inbound-us_ppc_gs_mix_bau-always-on_all-web_cg:sales_routes-intl-short_english_exact-broad,5.29,euro,0.00,0,12,221
15/10/2024,inbound-us_ppc_gs_mix_bau-always-on_all-web_cg:sales_routes-dom-mid_english_exact-broad,198.41,euro,3141.27,25.26,312,"2,575"
15/10/2024,inbound-us_ppc_gs_mix_bau-always-on_all-web_cg:sales_routes-dom-long_english_exact-broad,186.2,euro,2738.80,12.01,268,"3,003"
15/10/2024,inbound-us_ppc_gs_mix_bau-always-on_all-web_cg:sales_routes-intl-long_english_exact-broad,185.59,euro,698.47,3.99,310,"3,594"
15/10/2024,inbound-us_ppc_gs_mix_bau-always-on_all-web_cg:sales_routes-priority-madrid-barcelona_english_exact-broad,132.42,euro,2266.82,13.69,84,909
15/10/2024,inbound-us_ppc_gs_mix_bau-always-on_all-web_cg:sales_routes-dom-short_english_exact-broad,93.72,euro,595.37,14.71,188,"1,698"
15/10/2024,inbound-us_ppc_gs_mix_bau-always-on_all-web_cg:sales_routes-priority-madrid-seville_english_exact-broad,64.58,euro,1151.02,6,37,330
15/10/2024,inbound-us_ppc_gs_mix_bau-always-on_all-web_cg:sales_routes-intl-mid_english_exact-broad,45.07,euro,374.46,5.86,73,934
15/10/2024,inbound-us_ppc_gs_mix_bau-always-on_all-web_cg:sales_routes-priority-rome-florence_english_exact-broad,22.24,euro,374.60,2,17,401
15/10/2024,inbound-us_ppc_gs_mix_bau-always-on_all-web_cg:sales_routes-priority-madrid-malaga_english_exact-broad,14.72,euro,47.23,1,13,113
15/10/2024,inbound-us_ppc_gs_mix_bau-always-on_all-web_cg:sales_routes-priority-madrid-valencia_english_exact-broad,9.82,euro,59.67,0.5,10,123
15/10/2024,inbound-us_ppc_gs_mix_bau-always-on_all-web_cg:sales_routes-intl-short_english_exact-broad,7.03,euro,145.51,2,14,162
15/10/2024,inbound-us_ppc_gs_mix_bau-always-on_all-web_cg:sales_routes-priority-madrid-alicante_english_exact-broad,4.94,euro,0.00,0,5,30
16/10/2024,inbound-us_ppc_gs_mix_bau-always-on_all-web_cg:sales_routes-dom-long_english_exact-broad,183.39,euro,1184.10,5.15,273,"2,485"
16/10/2024,inbound-us_ppc_gs_mix_bau-always-on_all-web_cg:sales_routes-dom-mid_english_exact-broad,162.65,euro,3019.72,15.99,269,"2,126"
16/10/2024,inbound-us_ppc_gs_mix_bau-always-on_all-web_cg:sales_routes-intl-long_english_exact-broad,161.22,euro,1482.26,5,277,"2,922"
16/10/2024,inbound-us_ppc_gs_mix_bau-always-on_all-web_cg:sales_routes-priority-madrid-barcelona_english_exact-broad,79.09,euro,905.04,6.34,59,675
16/10/2024,inbound-us_ppc_gs_mix_bau-always-on_all-web_cg:sales_routes-dom-short_english_exact-broad,67.74,euro,408.04,6.04,149,"1,424"
16/10/2024,inbound-us_ppc_gs_mix_bau-always-on_all-web_cg:sales_routes-priority-madrid-seville_english_exact-broad,43.48,euro,102.39,0.96,28,270
16/10/2024,inbound-us_ppc_gs_mix_bau-always-on_all-web_cg:sales_routes-intl-mid_english_exact-broad,31.24,euro,214.35,1.37,59,791
16/10/2024,inbound-us_ppc_gs_mix_bau-always-on_all-web_cg:sales_routes-priority-madrid-malaga_english_exact-broad,12.39,euro,710.67,2,13,103
16/10/2024,inbound-us_ppc_gs_mix_bau-always-on_all-web_cg:sales_routes-priority-madrid-valencia_english_exact-broad,7.77,euro,2.74,1,7,114
16/10/2024,inbound-us_ppc_gs_mix_bau-always-on_all-web_cg:sales_routes-priority-rome-florence_english_exact-broad,6.92,euro,0.00,0,10,315
16/10/2024,inbound-us_ppc_gs_mix_bau-always-on_all-web_cg:sales_routes-intl-short_english_exact-broad,3.28,euro,426.85,3,9,119
16/10/2024,inbound-us_ppc_gs_mix_bau-always-on_all-web_cg:sales_routes-priority-madrid-alicante_english_exact-broad,2.1,euro,0.00,0,2,21
17/10/2024,inbound-us_ppc_gs_mix_bau-always-on_all-web_cg:sales_routes-dom-mid_english_exact-broad,181.95,euro,3131.90,16.01,283,"2,069"
17/10/2024,inbound-us_ppc_gs_mix_bau-always-on_all-web_cg:sales_routes-dom-long_english_exact-broad,166.78,euro,6432.54,31.87,260,"2,409"
17/10/2024,inbound-us_ppc_gs_mix_bau-always-on_all-web_cg:sales_routes-intl-long_english_exact-broad,156.29,euro,1370.21,5.5,283,"2,883"
17/10/2024,inbound-us_ppc_gs_mix_bau-always-on_all-web_cg:sales_routes-priority-madrid-barcelona_english_exact-broad,105.28,euro,1387.72,8.96,66,723
17/10/2024,inbound-us_ppc_gs_mix_bau-always-on_all-web_cg:sales_routes-dom-short_english_exact-broad,78.07,euro,1159.61,9.5,170,"1,373"
17/10/2024,inbound-us_ppc_gs_mix_bau-always-on_all-web_cg:sales_routes-intl-mid_english_exact-broad,37.22,euro,1014.84,3.3,67,775
17/10/2024,inbound-us_ppc_gs_mix_bau-always-on_all-web_cg:sales_routes-priority-madrid-seville_english_exact-broad,37.01,euro,524.26,3.94,23,305
17/10/2024,inbound-us_ppc_gs_mix_bau-always-on_all-web_cg:sales_routes-priority-rome-florence_english_exact-broad,19.19,euro,742.25,4.02,13,332
17/10/2024,inbound-us_ppc_gs_mix_bau-always-on_all-web_cg:sales_routes-priority-madrid-malaga_english_exact-broad,18.86,euro,46.15,1,17,121
17/10/2024,inbound-us_ppc_gs_mix_bau-always-on_all-web_cg:sales_routes-priority-madrid-valencia_english_exact-broad,13.83,euro,9.61,0.1,12,137
17/10/2024,inbound-us_ppc_gs_mix_bau-always-on_all-web_cg:sales_routes-priority-madrid-alicante_english_exact-broad,5.32,euro,0.00,0,4,29
17/10/2024,inbound-us_ppc_gs_mix_bau-always-on_all-web_cg:sales_routes-intl-short_english_exact-broad,4.93,euro,0.00,0,11,164
18/10/2024,inbound-us_ppc_gs_mix_bau-always-on_all-web_cg:sales_routes-dom-mid_english_exact-broad,201.94,euro,5329.39,25.04,305,"2,314"
18/10/2024,inbound-us_ppc_gs_mix_bau-always-on_all-web_cg:sales_routes-intl-long_english_exact-broad,181.1,euro,1983.61,7.17,325,"3,089"
18/10/2024,inbound-us_ppc_gs_mix_bau-always-on_all-web_cg:sales_routes-dom-long_english_exact-broad,158.98,euro,1359.21,8,256,"2,485"
18/10/2024,inbound-us_ppc_gs_mix_bau-always-on_all-web_cg:sales_routes-priority-madrid-barcelona_english_exact-broad,100.7,euro,2634.38,13.31,62,688
18/10/2024,inbound-us_ppc_gs_mix_bau-always-on_all-web_cg:sales_routes-dom-short_english_exact-broad,90.54,euro,1141.93,20.09,192,"1,525"
18/10/2024,inbound-us_ppc_gs_mix_bau-always-on_all-web_cg:sales_routes-priority-madrid-seville_english_exact-broad,48.83,euro,246.70,3,33,277
18/10/2024,inbound-us_ppc_gs_mix_bau-always-on_all-web_cg:sales_routes-intl-mid_english_exact-broad,38.88,euro,309.52,3,69,763
18/10/2024,inbound-us_ppc_gs_mix_bau-always-on_all-web_cg:sales_routes-priority-madrid-valencia_english_exact-broad,24.77,euro,181.61,3,14,112
18/10/2024,inbound-us_ppc_gs_mix_bau-always-on_all-web_cg:sales_routes-priority-madrid-malaga_english_exact-broad,16.23,euro,398.45,3.67,15,120
18/10/2024,inbound-us_ppc_gs_mix_bau-always-on_all-web_cg:sales_routes-priority-rome-florence_english_exact-broad,8.01,euro,0.00,0,11,372
18/10/2024,inbound-us_ppc_gs_mix_bau-always-on_all-web_cg:sales_routes-priority-madrid-alicante_english_exact-broad,4.11,euro,28.72,0.33,2,36
18/10/2024,inbound-us_ppc_gs_mix_bau-always-on_all-web_cg:sales_routes-intl-short_english_exact-broad,3.37,euro,10.29,0.17,7,133
19/10/2024,inbound-us_ppc_gs_mix_bau-always-on_all-web_cg:sales_routes-dom-long_english_exact-broad,192.41,euro,3838.57,16.42,320,"2,763"
19/10/2024,inbound-us_ppc_gs_mix_bau-always-on_all-web_cg:sales_routes-intl-long_english_exact-broad,176,euro,1041.20,7.25,329,"3,326"
19/10/2024,inbound-us_ppc_gs_mix_bau-always-on_all-web_cg:sales_routes-dom-mid_english_exact-broad,170.02,euro,2863.65,9.39,283,"2,306"
19/10/2024,inbound-us_ppc_gs_mix_bau-always-on_all-web_cg:sales_routes-priority-madrid-barcelona_english_exact-broad,127.6,euro,502.47,5,75,801
19/10/2024,inbound-us_ppc_gs_mix_bau-always-on_all-web_cg:sales_routes-dom-short_english_exact-broad,67.35,euro,221.53,4.99,163,"1,484"
19/10/2024,inbound-us_ppc_gs_mix_bau-always-on_all-web_cg:sales_routes-priority-madrid-seville_english_exact-broad,66.6,euro,850.60,3.5,37,335
19/10/2024,inbound-us_ppc_gs_mix_bau-always-on_all-web_cg:sales_routes-priority-rome-florence_english_exact-broad,42.96,euro,494.29,2.48,23,475
19/10/2024,inbound-us_ppc_gs_mix_bau-always-on_all-web_cg:sales_routes-intl-mid_english_exact-broad,42.51,euro,364.93,6,77,830
19/10/2024,inbound-us_ppc_gs_mix_bau-always-on_all-web_cg:sales_routes-priority-madrid-malaga_english_exact-broad,18.82,euro,176.53,2,17,120
19/10/2024,inbound-us_ppc_gs_mix_bau-always-on_all-web_cg:sales_routes-priority-madrid-valencia_english_exact-broad,13.99,euro,94.57,1.08,7,138
19/10/2024,inbound-us_ppc_gs_mix_bau-always-on_all-web_cg:sales_routes-intl-short_english_exact-broad,6.36,euro,0.00,0,20,180
19/10/2024,inbound-us_ppc_gs_mix_bau-always-on_all-web_cg:sales_routes-priority-madrid-alicante_english_exact-broad,5.2,euro,0.00,0,4,26
20/10/2024,inbound-us_ppc_gs_mix_bau-always-on_all-web_cg:sales_routes-dom-long_english_exact-broad,240.28,euro,4735.22,18.78,378,"3,208"
20/10/2024,inbound-us_ppc_gs_mix_bau-always-on_all-web_cg:sales_routes-intl-long_english_exact-broad,228.92,euro,1241.71,7.53,397,"4,169"
20/10/2024,inbound-us_ppc_gs_mix_bau-always-on_all-web_cg:sales_routes-priority-madrid-barcelona_english_exact-broad,197.73,euro,833.16,5,107,946
20/10/2024,inbound-us_ppc_gs_mix_bau-always-on_all-web_cg:sales_routes-dom-mid_english_exact-broad,182.78,euro,2112.26,14.58,298,"2,574"
20/10/2024,inbound-us_ppc_gs_mix_bau-always-on_all-web_cg:sales_routes-dom-short_english_exact-broad,83.45,euro,393.18,8.48,176,"1,659"
20/10/2024,inbound-us_ppc_gs_mix_bau-always-on_all-web_cg:sales_routes-intl-mid_english_exact-broad,56.33,euro,1443.63,11,98,994
20/10/2024,inbound-us_ppc_gs_mix_bau-always-on_all-web_cg:sales_routes-priority-madrid-seville_english_exact-broad,55.32,euro,352.32,2.5,39,401
20/10/2024,inbound-us_ppc_gs_mix_bau-always-on_all-web_cg:sales_routes-priority-rome-florence_english_exact-broad,53.05,euro,0.00,0,32,528
20/10/2024,inbound-us_ppc_gs_mix_bau-always-on_all-web_cg:sales_routes-priority-madrid-valencia_english_exact-broad,20.99,euro,157.48,2.95,17,181
20/10/2024,inbound-us_ppc_gs_mix_bau-always-on_all-web_cg:sales_routes-priority-madrid-malaga_english_exact-broad,19.64,euro,0.00,0,17,143
20/10/2024,inbound-us_ppc_gs_mix_bau-always-on_all-web_cg:sales_routes-priority-madrid-alicante_english_exact-broad,13.11,euro,100.64,1,9,31
20/10/2024,inbound-us_ppc_gs_mix_bau-always-on_all-web_cg:sales_routes-intl-short_english_exact-broad,8.99,euro,0.00,0,23,199
21/10/2024,inbound-us_ppc_gs_mix_bau-always-on_all-web_cg:sales_routes-dom-mid_english_exact-broad,254.93,euro,2455.83,22.83,405,"2,832"
21/10/2024,inbound-us_ppc_gs_mix_bau-always-on_all-web_cg:sales_routes-dom-long_english_exact-broad,242.05,euro,1961.85,10.32,370,"3,206"
21/10/2024,inbound-us_ppc_gs_mix_bau-always-on_all-web_cg:sales_routes-intl-long_english_exact-broad,241.25,euro,3501.12,11.68,395,"4,111"
21/10/2024,inbound-us_ppc_gs_mix_bau-always-on_all-web_cg:sales_routes-priority-madrid-barcelona_english_exact-broad,211.44,euro,1746.69,9.66,106,967
21/10/2024,inbound-us_ppc_gs_mix_bau-always-on_all-web_cg:sales_routes-dom-short_english_exact-broad,87.11,euro,989.72,12.43,184,"1,690"
21/10/2024,inbound-us_ppc_gs_mix_bau-always-on_all-web_cg:sales_routes-priority-madrid-seville_english_exact-broad,75.68,euro,26.74,0.34,44,383
21/10/2024,inbound-us_ppc_gs_mix_bau-always-on_all-web_cg:sales_routes-intl-mid_english_exact-broad,54.47,euro,638.25,3.5,93,"1,042"
21/10/2024,inbound-us_ppc_gs_mix_bau-always-on_all-web_cg:sales_routes-priority-madrid-malaga_english_exact-broad,33.41,euro,32.46,1.04,31,159
21/10/2024,inbound-us_ppc_gs_mix_bau-always-on_all-web_cg:sales_routes-priority-rome-florence_english_exact-broad,30.24,euro,388.40,3,27,596
21/10/2024,inbound-us_ppc_gs_mix_bau-always-on_all-web_cg:sales_routes-priority-madrid-valencia_english_exact-broad,19.03,euro,24.41,0.33,16,174
21/10/2024,inbound-us_ppc_gs_mix_bau-always-on_all-web_cg:sales_routes-priority-madrid-alicante_english_exact-broad,7.7,euro,0.00,0,6,40
21/10/2024,inbound-us_ppc_gs_mix_bau-always-on_all-web_cg:sales_routes-intl-short_english_exact-broad,5.97,euro,63.74,1,19,194
22/10/2024,inbound-us_ppc_gs_mix_bau-always-on_all-web_cg:sales_routes-intl-long_english_exact-broad,237.27,euro,2387.69,4.33,397,"4,011"
22/10/2024,inbound-us_ppc_gs_mix_bau-always-on_all-web_cg:sales_routes-dom-mid_english_exact-broad,224.21,euro,2816.29,14.09,354,"2,793"
22/10/2024,inbound-us_ppc_gs_mix_bau-always-on_all-web_cg:sales_routes-dom-long_english_exact-broad,223.99,euro,2153.66,14.66,322,"3,009"
22/10/2024,inbound-us_ppc_gs_mix_bau-always-on_all-web_cg:sales_routes-priority-madrid-barcelona_english_exact-broad,158.43,euro,11.16,0.15,92,"1,001"
22/10/2024,inbound-us_ppc_gs_mix_bau-always-on_all-web_cg:sales_routes-dom-short_english_exact-broad,93.64,euro,550.74,10.33,188,"1,605"
22/10/2024,inbound-us_ppc_gs_mix_bau-always-on_all-web_cg:sales_routes-priority-madrid-seville_english_exact-broad,59.34,euro,699.25,4.44,37,377
22/10/2024,inbound-us_ppc_gs_mix_bau-always-on_all-web_cg:sales_routes-intl-mid_english_exact-broad,53.32,euro,243.40,2,93,"1,048"
22/10/2024,inbound-us_ppc_gs_mix_bau-always-on_all-web_cg:sales_routes-priority-rome-florence_english_exact-broad,53.05,euro,9.24,0.1,36,551
22/10/2024,inbound-us_ppc_gs_mix_bau-always-on_all-web_cg:sales_routes-priority-madrid-malaga_english_exact-broad,22.68,euro,83.14,0.96,19,130
22/10/2024,inbound-us_ppc_gs_mix_bau-always-on_all-web_cg:sales_routes-priority-madrid-valencia_english_exact-broad,17.19,euro,348.36,6,11,153
22/10/2024,inbound-us_ppc_gs_mix_bau-always-on_all-web_cg:sales_routes-priority-madrid-alicante_english_exact-broad,8.08,euro,0.00,0,9,40
22/10/2024,inbound-us_ppc_gs_mix_bau-always-on_all-web_cg:sales_routes-intl-short_english_exact-broad,5.61,euro,46.40,2.5,15,194
23/10/2024,inbound-us_ppc_gs_mix_bau-always-on_all-web_cg:sales_routes-dom-long_english_exact-broad,229.51,euro,1882.48,14.72,357,"2,931"
23/10/2024,inbound-us_ppc_gs_mix_bau-always-on_all-web_cg:sales_routes-dom-mid_english_exact-broad,204.66,euro,1191.85,6.88,323,"2,626"
23/10/2024,inbound-us_ppc_gs_mix_bau-always-on_all-web_cg:sales_routes-intl-long_english_exact-broad,175.85,euro,781.15,3.01,308,"3,560"
23/10/2024,inbound-us_ppc_gs_mix_bau-always-on_all-web_cg:sales_routes-priority-madrid-barcelona_english_exact-broad,140.78,euro,243.55,3.5,84,"1,029"
23/10/2024,inbound-us_ppc_gs_mix_bau-always-on_all-web_cg:sales_routes-dom-short_english_exact-broad,80.21,euro,1455.50,16.52,162,"1,521"
23/10/2024,inbound-us_ppc_gs_mix_bau-always-on_all-web_cg:sales_routes-priority-madrid-seville_english_exact-broad,60.92,euro,477.66,3,42,325
23/10/2024,inbound-us_ppc_gs_mix_bau-always-on_all-web_cg:sales_routes-intl-mid_english_exact-broad,54.5,euro,258.99,2,94,994
23/10/2024,inbound-us_ppc_gs_mix_bau-always-on_all-web_cg:sales_routes-priority-rome-florence_english_exact-broad,36.9,euro,0.00,0,26,461
23/10/2024,inbound-us_ppc_gs_mix_bau-always-on_all-web_cg:sales_routes-priority-madrid-malaga_english_exact-broad,32.08,euro,0.00,0,20,129
23/10/2024,inbound-us_ppc_gs_mix_bau-always-on_all-web_cg:sales_routes-priority-madrid-valencia_english_exact-broad,20.17,euro,52.07,1,17,174
23/10/2024,inbound-us_ppc_gs_mix_bau-always-on_all-web_cg:sales_routes-intl-short_english_exact-broad,14.05,euro,10.90,1,27,155
23/10/2024,inbound-us_ppc_gs_mix_bau-always-on_all-web_cg:sales_routes-priority-madrid-alicante_english_exact-broad,3.49,euro,0.00,0,4,23
24/10/2024,inbound-us_ppc_gs_mix_bau-always-on_all-web_cg:sales_routes-dom-mid_english_exact-broad,183,euro,1692.73,12.13,284,"2,228"
24/10/2024,inbound-us_ppc_gs_mix_bau-always-on_all-web_cg:sales_routes-dom-long_english_exact-broad,171.73,euro,1028.89,8.58,247,"2,406"
24/10/2024,inbound-us_ppc_gs_mix_bau-always-on_all-web_cg:sales_routes-intl-long_english_exact-broad,160.49,euro,1175.75,3.85,287,"3,077"
24/10/2024,inbound-us_ppc_gs_mix_bau-always-on_all-web_cg:sales_routes-priority-madrid-barcelona_english_exact-broad,123.18,euro,837.87,4.98,72,831
24/10/2024,inbound-us_ppc_gs_mix_bau-always-on_all-web_cg:sales_routes-dom-short_english_exact-broad,71.65,euro,239.11,5.51,155,"1,312"
24/10/2024,inbound-us_ppc_gs_mix_bau-always-on_all-web_cg:sales_routes-intl-mid_english_exact-broad,45.33,euro,0.00,0,76,959
24/10/2024,inbound-us_ppc_gs_mix_bau-always-on_all-web_cg:sales_routes-priority-madrid-seville_english_exact-broad,25.93,euro,0.00,0,19,287
24/10/2024,inbound-us_ppc_gs_mix_bau-always-on_all-web_cg:sales_routes-priority-rome-florence_english_exact-broad,24.59,euro,201.68,2.4,18,333
24/10/2024,inbound-us_ppc_gs_mix_bau-always-on_all-web_cg:sales_routes-priority-madrid-malaga_english_exact-broad,23.54,euro,395.17,3,16,104
24/10/2024,inbound-us_ppc_gs_mix_bau-always-on_all-web_cg:sales_routes-priority-madrid-valencia_english_exact-broad,12.39,euro,342.70,1.86,13,199
24/10/2024,inbound-us_ppc_gs_mix_bau-always-on_all-web_cg:sales_routes-intl-short_english_exact-broad,2.73,euro,0.00,0,10,123
24/10/2024,inbound-us_ppc_gs_mix_bau-always-on_all-web_cg:sales_routes-priority-madrid-alicante_english_exact-broad,0,euro,0.00,0,0,19
25/10/2024,inbound-us_ppc_gs_mix_bau-always-on_all-web_cg:sales_routes-intl-long_english_exact-broad,147.33,euro,1053.71,4.85,280,"2,861"
25/10/2024,inbound-us_ppc_gs_mix_bau-always-on_all-web_cg:sales_routes-dom-mid_english_exact-broad,145.18,euro,1869.27,13.43,250,"1,820"
25/10/2024,inbound-us_ppc_gs_mix_bau-always-on_all-web_cg:sales_routes-dom-long_english_exact-broad,132.26,euro,1448.52,7.84,217,"2,191"
25/10/2024,inbound-us_ppc_gs_mix_bau-always-on_all-web_cg:sales_routes-priority-madrid-barcelona_english_exact-broad,101.89,euro,962.29,7.67,63,661
25/10/2024,inbound-us_ppc_gs_mix_bau-always-on_all-web_cg:sales_routes-priority-madrid-seville_english_exact-broad,65.22,euro,0.00,0,35,257
25/10/2024,inbound-us_ppc_gs_mix_bau-always-on_all-web_cg:sales_routes-dom-short_english_exact-broad,62.89,euro,461.00,9.54,159,"1,213"
25/10/2024,inbound-us_ppc_gs_mix_bau-always-on_all-web_cg:sales_routes-intl-mid_english_exact-broad,39.48,euro,677.31,5.17,66,829
25/10/2024,inbound-us_ppc_gs_mix_bau-always-on_all-web_cg:sales_routes-priority-madrid-valencia_english_exact-broad,10.94,euro,70.90,1,7,149
25/10/2024,inbound-us_ppc_gs_mix_bau-always-on_all-web_cg:sales_routes-priority-madrid-malaga_english_exact-broad,10.34,euro,67.91,1,8,101
25/10/2024,inbound-us_ppc_gs_mix_bau-always-on_all-web_cg:sales_routes-intl-short_english_exact-broad,9.05,euro,0.00,0,23,151
25/10/2024,inbound-us_ppc_gs_mix_bau-always-on_all-web_cg:sales_routes-priority-rome-florence_english_exact-broad,8.91,euro,230.79,3,12,315
25/10/2024,inbound-us_ppc_gs_mix_bau-always-on_all-web_cg:sales_routes-priority-madrid-alicante_english_exact-broad,5.4,euro,0.00,0,3,18
26/10/2024,inbound-us_ppc_gs_mix_bau-always-on_all-web_cg:sales_routes-dom-mid_english_exact-broad,145.23,euro,1785.23,19.38,249,"1,987"
26/10/2024,inbound-us_ppc_gs_mix_bau-always-on_all-web_cg:sales_routes-dom-long_english_exact-broad,130.71,euro,2063.24,8.12,235,"2,172"
26/10/2024,inbound-us_ppc_gs_mix_bau-always-on_all-web_cg:sales_routes-intl-long_english_exact-broad,100.47,euro,554.63,2.05,219,"2,749"
26/10/2024,inbound-us_ppc_gs_mix_bau-always-on_all-web_cg:sales_routes-dom-short_english_exact-broad,76.86,euro,633.87,11.1,166,"1,360"
26/10/2024,inbound-us_ppc_gs_mix_bau-always-on_all-web_cg:sales_routes-priority-madrid-barcelona_english_exact-broad,58.58,euro,351.14,3,44,859
26/10/2024,inbound-us_ppc_gs_mix_bau-always-on_all-web_cg:sales_routes-intl-mid_english_exact-broad,27.05,euro,58.43,1,55,757
26/10/2024,inbound-us_ppc_gs_mix_bau-always-on_all-web_cg:sales_routes-priority-madrid-seville_english_exact-broad,22.38,euro,0.00,0,17,212
26/10/2024,inbound-us_ppc_gs_mix_bau-always-on_all-web_cg:sales_routes-priority-rome-florence_english_exact-broad,7.97,euro,0.00,0,9,225
26/10/2024,inbound-us_ppc_gs_mix_bau-always-on_all-web_cg:sales_routes-priority-madrid-malaga_english_exact-broad,7.1,euro,0.00,0,6,77
26/10/2024,inbound-us_ppc_gs_mix_bau-always-on_all-web_cg:sales_routes-priority-madrid-valencia_english_exact-broad,6.24,euro,394.63,1,7,123
26/10/2024,inbound-us_ppc_gs_mix_bau-always-on_all-web_cg:sales_routes-intl-short_english_exact-broad,4.47,euro,0.00,0,12,100
26/10/2024,inbound-us_ppc_gs_mix_bau-always-on_all-web_cg:sales_routes-priority-madrid-alicante_english_exact-broad,0,euro,0.00,0,0,34
27/10/2024,inbound-us_ppc_gs_mix_bau-always-on_all-web_cg:sales_routes-dom-mid_english_exact-broad,181.94,euro,1103.93,14.33,305,"2,468"
27/10/2024,inbound-us_ppc_gs_mix_bau-always-on_all-web_cg:sales_routes-dom-long_english_exact-broad,180.39,euro,3047.79,14.95,290,"2,847"
27/10/2024,inbound-us_ppc_gs_mix_bau-always-on_all-web_cg:sales_routes-intl-long_english_exact-broad,161.54,euro,2922.85,10.8,302,"3,645"
27/10/2024,inbound-us_ppc_gs_mix_bau-always-on_all-web_cg:sales_routes-priority-madrid-barcelona_english_exact-broad,101.85,euro,772.25,7.71,69,764
27/10/2024,inbound-us_ppc_gs_mix_bau-always-on_all-web_cg:sales_routes-dom-short_english_exact-broad,82.61,euro,752.13,9.01,198,"1,534"
27/10/2024,inbound-us_ppc_gs_mix_bau-always-on_all-web_cg:sales_routes-intl-mid_english_exact-broad,53.94,euro,457.49,3.5,86,"1,050"
27/10/2024,inbound-us_ppc_gs_mix_bau-always-on_all-web_cg:sales_routes-priority-madrid-seville_english_exact-broad,40.31,euro,470.89,2.17,28,316
27/10/2024,inbound-us_ppc_gs_mix_bau-always-on_all-web_cg:sales_routes-priority-rome-florence_english_exact-broad,20.29,euro,369.45,3.08,13,365
27/10/2024,inbound-us_ppc_gs_mix_bau-always-on_all-web_cg:sales_routes-priority-madrid-malaga_english_exact-broad,15.29,euro,342.58,1,14,110
27/10/2024,inbound-us_ppc_gs_mix_bau-always-on_all-web_cg:sales_routes-priority-madrid-valencia_english_exact-broad,13.88,euro,0.00,0,13,170
27/10/2024,inbound-us_ppc_gs_mix_bau-always-on_all-web_cg:sales_routes-intl-short_english_exact-broad,7.3,euro,20.31,1,19,173
27/10/2024,inbound-us_ppc_gs_mix_bau-always-on_all-web_cg:sales_routes-priority-madrid-alicante_english_exact-broad,3.76,euro,0.00,0,4,34
28/10/2024,inbound-us_ppc_gs_mix_bau-always-on_all-web_cg:sales_routes-dom-mid_english_exact-broad,202.14,euro,1980.06,13.02,324,"2,450"
28/10/2024,inbound-us_ppc_gs_mix_bau-always-on_all-web_cg:sales_routes-dom-long_english_exact-broad,173.16,euro,970.99,4.5,284,"2,890"
28/10/2024,inbound-us_ppc_gs_mix_bau-always-on_all-web_cg:sales_routes-intl-long_english_exact-broad,153.46,euro,1238.61,5.48,263,"3,378"
28/10/2024,inbound-us_ppc_gs_mix_bau-always-on_all-web_cg:sales_routes-priority-madrid-barcelona_english_exact-broad,116.53,euro,1440.07,9.93,73,814
28/10/2024,inbound-us_ppc_gs_mix_bau-always-on_all-web_cg:sales_routes-dom-short_english_exact-broad,70.64,euro,539.04,9.07,145,"1,388"
28/10/2024,inbound-us_ppc_gs_mix_bau-always-on_all-web_cg:sales_routes-intl-mid_english_exact-broad,50.6,euro,149.24,1,90,"1,059"
28/10/2024,inbound-us_ppc_gs_mix_bau-always-on_all-web_cg:sales_routes-priority-madrid-seville_english_exact-broad,49.46,euro,173.14,3,36,344
28/10/2024,inbound-us_ppc_gs_mix_bau-always-on_all-web_cg:sales_routes-priority-madrid-malaga_english_exact-broad,27.78,euro,267.61,3,15,104
28/10/2024,inbound-us_ppc_gs_mix_bau-always-on_all-web_cg:sales_routes-priority-rome-florence_english_exact-broad,20.71,euro,402.65,4,19,390
28/10/2024,inbound-us_ppc_gs_mix_bau-always-on_all-web_cg:sales_routes-priority-madrid-valencia_english_exact-broad,16.09,euro,435.50,4,11,160
28/10/2024,inbound-us_ppc_gs_mix_bau-always-on_all-web_cg:sales_routes-priority-madrid-alicante_english_exact-broad,6.77,euro,0.00,0,5,45
28/10/2024,inbound-us_ppc_gs_mix_bau-always-on_all-web_cg:sales_routes-intl-short_english_exact-broad,5.2,euro,216.18,3,18,198
29/10/2024,inbound-us_ppc_gs_mix_bau-always-on_all-web_cg:sales_routes-dom-long_english_exact-broad,220.4,euro,2402.64,11.17,336,"2,955"
29/10/2024,inbound-us_ppc_gs_mix_bau-always-on_all-web_cg:sales_routes-dom-mid_english_exact-broad,197.61,euro,2707.86,22.89,302,"2,414"
29/10/2024,inbound-us_ppc_gs_mix_bau-always-on_all-web_cg:sales_routes-intl-long_english_exact-broad,186.64,euro,1428.84,4.77,334,"3,555"
29/10/2024,inbound-us_ppc_gs_mix_bau-always-on_all-web_cg:sales_routes-priority-madrid-barcelona_english_exact-broad,73.64,euro,128.10,1,54,771
29/10/2024,inbound-us_ppc_gs_mix_bau-always-on_all-web_cg:sales_routes-dom-short_english_exact-broad,68.96,euro,289.73,5.46,152,"1,443"
29/10/2024,inbound-us_ppc_gs_mix_bau-always-on_all-web_cg:sales_routes-intl-mid_english_exact-broad,57.17,euro,501.86,4.38,88,994
29/10/2024,inbound-us_ppc_gs_mix_bau-always-on_all-web_cg:sales_routes-priority-madrid-seville_english_exact-broad,41.19,euro,0.00,0,32,343
29/10/2024,inbound-us_ppc_gs_mix_bau-always-on_all-web_cg:sales_routes-priority-rome-florence_english_exact-broad,31.76,euro,311.85,4.04,18,443
29/10/2024,inbound-us_ppc_gs_mix_bau-always-on_all-web_cg:sales_routes-priority-madrid-malaga_english_exact-broad,13.65,euro,123.18,2,9,129
29/10/2024,inbound-us_ppc_gs_mix_bau-always-on_all-web_cg:sales_routes-priority-madrid-valencia_english_exact-broad,7.83,euro,0.00,0,10,175
29/10/2024,inbound-us_ppc_gs_mix_bau-always-on_all-web_cg:sales_routes-intl-short_english_exact-broad,7.43,euro,10.83,0.5,19,167
29/10/2024,inbound-us_ppc_gs_mix_bau-always-on_all-web_cg:sales_routes-priority-madrid-alicante_english_exact-broad,0.92,euro,0.00,0,2,26
30/10/2024,inbound-us_ppc_gs_mix_bau-always-on_all-web_cg:sales_routes-dom-long_english_exact-broad,217.6,euro,1405.14,9,330,"5,181"
30/10/2024,inbound-us_ppc_gs_mix_bau-always-on_all-web_cg:sales_routes-dom-mid_english_exact-broad,197.02,euro,882.79,8.01,321,"2,451"
30/10/2024,inbound-us_ppc_gs_mix_bau-always-on_all-web_cg:sales_routes-intl-long_english_exact-broad,185.67,euro,1369.55,5,348,"3,499"
30/10/2024,inbound-us_ppc_gs_mix_bau-always-on_all-web_cg:sales_routes-priority-madrid-barcelona_english_exact-broad,86.46,euro,357.88,2,71,821
30/10/2024,inbound-us_ppc_gs_mix_bau-always-on_all-web_cg:sales_routes-dom-short_english_exact-broad,64.69,euro,204.52,2.8,142,"1,395"
30/10/2024,inbound-us_ppc_gs_mix_bau-always-on_all-web_cg:sales_routes-intl-mid_english_exact-broad,56.31,euro,1303.35,2,105,"1,028"
30/10/2024,inbound-us_ppc_gs_mix_bau-always-on_all-web_cg:sales_routes-priority-madrid-seville_english_exact-broad,56.16,euro,189.15,2,31,342
30/10/2024,inbound-us_ppc_gs_mix_bau-always-on_all-web_cg:sales_routes-priority-rome-florence_english_exact-broad,20.93,euro,104.98,2,15,398
30/10/2024,inbound-us_ppc_gs_mix_bau-always-on_all-web_cg:sales_routes-priority-madrid-malaga_english_exact-broad,16.94,euro,61.79,0.25,16,146
30/10/2024,inbound-us_ppc_gs_mix_bau-always-on_all-web_cg:sales_routes-priority-madrid-valencia_english_exact-broad,16.81,euro,31.98,1,14,532
30/10/2024,inbound-us_ppc_gs_mix_bau-always-on_all-web_cg:sales_routes-intl-short_english_exact-broad,10.32,euro,0.00,0,18,175
30/10/2024,inbound-us_ppc_gs_mix_bau-always-on_all-web_cg:sales_routes-priority-madrid-alicante_english_exact-broad,2.25,euro,0.00,0,5,32